4352,http://stuex.nju.edu.cn/a/duanqixiangmu/20161219/stuex@nju.edu.cn
4360,http://stuex.nju.edu.cn/en/a/list_109_3.html
4393,http://stuex.nju.edu.cn/a/list_109_2.html
4409,http://stuex.nju.edu.cn/a/duanqixiangmu/20170428/stuex@nju.edu.cn
4436,http://stuex.nju.edu.cn/a/list_106_7.html
4508,http://stuex.nju.edu.cn/a/list_112_2.html
4546,http://stuex.nju.edu.cn/en/a/Costs___Fees/www.lxbx.net
4554,http://stuex.nju.edu.cn/a/list_114_2.html
4612,http://stuex.nju.edu.cn/a/list_106_35.html
4620,http://stuex.nju.edu.cn/a/list_106_4.html
4623,http://stuex.nju.edu.cn/a/www.ensae.fr
4625,http://stuex.nju.edu.cn/a/duanqixiangmu/20170330/stuex@nju.edu.cn
4639,http://stuex.nju.edu.cn/a/zfxmjs/www.hec.fr
4654,http://stuex.nju.edu.cn/a/changqixiangmu/20161102/stuex@nju.edu.cn
4688,http://stuex.nju.edu.cn/a/xzzx/2015/0727/165.htm
4689,http://stuex.nju.edu.cn/a/www.institutoptique.fr
4709,http://stuex.nju.edu.cn/a/list_112_3.html
4717,http://stuex.nju.edu.cn/a/list_106_9.html
4743,http://stuex.nju.edu.cn/a/duanqixiangmu/20170319/stuex@nju.edu.cn
4777,http://stuex.nju.edu.cn/a/changqixiangmu/20161013/www.mobility.unimelb.edu.au/inbound/apply/ 
4780,http://stuex.nju.edu.cn/a/zfxmjs/www.ensae.fr
4787,http://stuex.nju.edu.cn/a/changqixiangmu/20170308/stuex@nju.edu.cn
4791,http://stuex.nju.edu.cn/en/a/list_101_3.html
4821,http://stuex.nju.edu.cn/a/list_110_2.html
4834,http://stuex.nju.edu.cn/a/changqixiangmu/20170307/stuex@nju.edu.cn
4853,http://stuex.nju.edu.cn/a/zfxmjs/www.enscp.fr
4857,http://stuex.nju.edu.cn/a/list_108_3.html
4880,http://stuex.nju.edu.cn/a/changqixiangmu/20161114/stuex@nju.edu.cn
4892,http://stuex.nju.edu.cn/a/www.enscp.fr
4893,http://stuex.nju.edu.cn/a/list_108_4.html
4949,http://stuex.nju.edu.cn/a/list_107_4.html
4957,http://stuex.nju.edu.cn/a/list_108_5.html
5039,http://stuex.nju.edu.cn/a/changqixiangmu/20170313/stuex@nju.edu.cn
5054,http://stuex.nju.edu.cn/en/a/list_109_4.html
5127,http://stuex.nju.edu.cn/en/a/list_101_2.html
5142,http://stuex.nju.edu.cn/a/list_107_10.html
5173,http://stuex.nju.edu.cn/en/a/list_101_4.html
5212,http://stuex.nju.edu.cn/a/list_109_3.html
5228,http://stuex.nju.edu.cn/a/changqixiangmu/20161009/stuex@nju.edu.cn
5268,http://stuex.nju.edu.cn/a/list_107_19.html
5278,http://stuex.nju.edu.cn/a/list_108_7.html
5292,http://stuex.nju.edu.cn/en/a/Asia/Korea/www.konkuk.ac.kr/do/Eng/Index.do
5313,http://stuex.nju.edu.cn/a/list_106_3.html
5342,http://stuex.nju.edu.cn/a/www.hec.fr
5348,http://stuex.nju.edu.cn/a/Korea/www.konkuk.ac.kr/do/Eng/Index.do
5349,http://stuex.nju.edu.cn/a/changqixiangmu/20161021/stuex@nju.edu.cn
5384,http://stuex.nju.edu.cn/a/duanqixiangmu/20160519/www.kcl.ac.uk/summer
5475,http://stuex.nju.edu.cn/a/list_107_8.html
5521,http://stuex.nju.edu.cn/a/list_107_9.html
5537,http://stuex.nju.edu.cn/a/zfxmjs/www.institutoptique.fr
5618,http://stuex.nju.edu.cn/a/list_106_8.html
5625,http://stuex.nju.edu.cn/a/www.espci.fr
5637,http://stuex.nju.edu.cn/a/list_106_5.html
5640,http://stuex.nju.edu.cn/a/list_162_3.html
5653,http://stuex.nju.edu.cn/a/list_106_6.html
5660,http://stuex.nju.edu.cn/a/list_106_10.html
5682,http://stuex.nju.edu.cn/a/list_106_2.html
5694,http://stuex.nju.edu.cn/a/list_107_5.html
5740,http://stuex.nju.edu.cn/a/list_109_5.html
5754,http://stuex.nju.edu.cn/a/Netherlands/20150729/www.uu.nl/exchange/housing
5760,http://stuex.nju.edu.cn/a/list_107_11.html
5843,http://stuex.nju.edu.cn/a/list_106_11.html
5858,http://stuex.nju.edu.cn/a/zfxmjs/www.espci.fr
5880,http://stuex.nju.edu.cn/a/xzzx/2015/0727/165
5889,http://stuex.nju.edu.cn/a/list_107_3.html
6043,http://stuex.nju.edu.cn/a/changqixiangmu/20160923/stuex@nju.edu.cn
6073,http://stuex.nju.edu.cn/a/list_162_2.html
6082,http://stuex.nju.edu.cn/a/list_109_4.html
6097,http://stuex.nju.edu.cn/a/duanqixiangmu/20170307/stuex@nju.edu.cn
6107,http://stuex.nju.edu.cn/a/list_107_6.html
6145,http://stuex.nju.edu.cn/a/duanqixiangmu/20170329/stuex@nju.edu.cn
6161,http://stuex.nju.edu.cn/a/changqixiangmu/20160926/stuex@nju.edu.cn
6173,http://stuex.nju.edu.cn/a/list_107_2.html
6176,http://stuex.nju.edu.cn/a/list_108_2.html
6186,http://stuex.nju.edu.cn/a/list_108_6.html
6213,http://stuex.nju.edu.cn/a/list_107_7.html
6311,http://stuex.nju.edu.cn/en/a/list_109_2.html
6333,http://stuex.nju.edu.cn/a/changqixiangmu/20161102/jwcexchange@nju.edu.cn
